<?xml version="1.0"?>
<opencv_storage>
<cascade>
  <stageType>BOOST</stageType>
  <featureType>LBP</featureType>
  <height>24</height>
  <width>24</width>
  <stageParams>
    <boostType>GAB</boostType>
    <minHitRate>9.9500000476837158e-01</minHitRate>
    <maxFalseAlarm>5.0000000000000000e-01</maxFalseAlarm>
    <weightTrimRate>9.4999999999999996e-01</weightTrimRate>
    <maxDepth>1</maxDepth>
    <maxWeakCount>100</maxWeakCount></stageParams>
  <featureParams>
    <maxCatCount>256</maxCatCount>
    <featSize>1</featSize></featureParams>
  <stageNum>12</stageNum>
  <stages>
    <!-- stage 0 -->
    <_>
      <maxWeakCount>2</maxWeakCount>
      <stageThreshold>-1.5930719673633575e-01</stageThreshold>
      <weakClassifiers>
        <_>
          <internalNodes>
            0 -1 20 1362228718 -707542063 -1852714507 -170803181
            -1002321460 -1652504402 -998014742 -3585</internalNodes>
          <leafValues>
            -9.2870372533798218e-01 8.3098590373992920e-01</leafValues></_>
        <_>
          <internalNodes>
            0 -1 16 -54471432 -116359024 -44230309 -38538839 -124594760
            -1744790528 -74854513 -1311233</internalNodes>
          <leafValues>
            -9.4405132532119751e-01 7.6939648389816284e-01</leafValues></_></weakClassifiers></_>
    <!-- stage 1 -->
    <_>
      <maxWeakCount>2</maxWeakCount>
      <stageThreshold>-1.8895198404788971e-01</stageThreshold>
      <weakClassifiers>
        <_>
          <internalNodes>
            0 -1 13 -237895718 -170787066 -215756549 -34488813
            -169742337 -135080289 -1310593041 -201856101</internalNodes>
          <leafValues>
            -8.9417988061904907e-01 7.4509018659591675e-01</leafValues></_>
        <_>
          <internalNodes>
            0 -1 28 -77398532 1362244999 -490670886 -1224504918
            -376965890 -107240497 -204537606 -4197637</internalNodes>
          <leafValues>
            -8.7404620647430420e-01 7.0522791147232056e-01</leafValues></_></weakClassifiers></_>
    <!-- stage 2 -->
    <_>
      <maxWeakCount>3</maxWeakCount>
      <stageThreshold>-9.1234683990478516e-01</stageThreshold>
      <weakClassifiers>
        <_>
          <internalNodes>
            0 -1 23 -1 -63897733 -38274050 -5177360 -383912139
            -868948107 -117637892 -50991113</internalNodes>
          <leafValues>
            -8.5673075914382935e-01 7.1451485157012939e-01</leafValues></_>
        <_>
          <internalNodes>
            0 -1 7 -571408388 2136261392 -183240195 -170394723
            -658178628 -1381955 -91557889 -596123657</internalNodes>
          <leafValues>
            -8.3208858966827393e-01 7.4288994073867798e-01</leafValues></_>
        <_>
          <internalNodes>
            0 -1 32 -1024999201 -608456769 -67118081 -68468865
            -1026784518 -88359169 -889467910 -75776261</internalNodes>
          <leafValues>
            -7.4323302507400513e-01 7.7647256851196289e-01</leafValues></_></weakClassifiers></_>
    <!-- stage 3 -->
    <_>
      <maxWeakCount>3</maxWeakCount>
      <stageThreshold>-8.6968678236007690e-01</stageThreshold>
      <weakClassifiers>
        <_>
          <internalNodes>
            0 -1 3 -15109 -539033374 -536883969 -536936353 -570690053
            -16790066 -12545 -805319985</internalNodes>
          <leafValues>
            -7.4234157800674438e-01 8.0739390850067139e-01</leafValues></_>
        <_>
          <internalNodes>
            0 -1 34 -69209184 -76033569 -458815465 -542388061
            -1563968534 -1718892075 -1548246302 -347079865</internalNodes>
          <leafValues>
            -8.2126092910766602e-01 6.8599855899810791e-01</leafValues></_>
        <_>
          <internalNodes>
            0 -1 6 -670895406 -787294893 -1525482017 -536886563
            -947391297 -135794245 -72354565 -536887089</internalNodes>
          <leafValues>
            -8.1334376335144043e-01 7.0389485359191895e-01</leafValues></_></weakClassifiers></_>
    <!-- stage 4 -->
    <_>
      <maxWeakCount>3</maxWeakCount>
      <stageThreshold>-9.8544716835021973e-01</stageThreshold>
      <weakClassifiers>
        <_>
          <internalNodes>
            0 -1 12 -654316822 -4195329 854579967 -69863329 1423672559
            -536880713 59458703 -536870913</internalNodes>
          <leafValues>
            -8.8671255111694336e-01 6.2383610010147095e-01</leafValues></_>
        <_>
          <internalNodes>
            0 -1 1 -128007544 -245402635 -1120824321 -75894409
            -1062953985 -73683975 -1146749969 -67109169</internalNodes>
          <leafValues>
            -8.0251318216323853e-01 6.7316752672195435e-01</leafValues></_>
        <_>
          <internalNodes>
            0 -1 33 -352339265 -86559211 -1562936193 -120111595
            721402559 -84988397 720095391 -499389929</internalNodes>
          <leafValues>
            -7.5920093059539795e-01 7.0377850532531738e-01</leafValues></_></weakClassifiers></_>
    <!-- stage 5 -->
    <_>
      <maxWeakCount>3</maxWeakCount>
      <stageThreshold>-9.5883315801620483e-01</stageThreshold>
      <weakClassifiers>
        <_>
          <internalNodes>
            0 -1 5 -148638209 2136455135 -41369602 -21826570 -592381443
            -59449948 -54658308 -16843011</internalNodes>
          <leafValues>
            -7.4460589885711670e-01 7.3425966501235962e-01</leafValues></_>
        <_>
          <internalNodes>
            0 -1 15 -33817124 -6553697 -572522792 -1149584838 91981309
            -68431361 1173308622 -67122449</internalNodes>
          <leafValues>
            -8.5024940967559814e-01 6.3710224628448486e-01</leafValues></_>
        <_>
          <internalNodes>
            0 -1 29 -84430094 -84200075 -336622882 -69732361 -1304747344
            -84163860 -68175174 -67896325</internalNodes>
          <leafValues>
            -8.0150693655014038e-01 6.3602215051651001e-01</leafValues></_></weakClassifiers></_>
    <!-- stage 6 -->
    <_>
      <maxWeakCount>4</maxWeakCount>
      <stageThreshold>-5.3562343120574951e-01</stageThreshold>
      <weakClassifiers>
        <_>
          <internalNodes>
            0 -1 27 -553656748 -671097003 -73924609 -1048705 -607134977
            -541222439 -605057345 -654324997</internalNodes>
          <leafValues>
            -8.3706718683242798e-01 6.2988507747650146e-01</leafValues></_>
        <_>
          <internalNodes>
            0 -1 2 -822090002 -1963727190 -1464939298 -570166 -218185729
            -373297931 -386928966 -822085914</internalNodes>
          <leafValues>
            -8.3325213193893433e-01 5.9507948160171509e-01</leafValues></_>
        <_>
          <internalNodes>
            0 -1 10 -893200434 -81281593 -536879106 -541068334 134795151
            -1163007377 231460815 -2101297</internalNodes>
          <leafValues>
            -8.7404549121856689e-01 5.5357164144515991e-01</leafValues></_>
        <_>
          <internalNodes>
            0 -1 25 -36309000 -49153116 1436644863 -1255563089 -786433
            -63575367 -103943185 -4201521</internalNodes>
          <leafValues>
            -8.3320039510726929e-01 5.8112424612045288e-01</leafValues></_></weakClassifiers></_>
    <!-- stage 7 -->
    <_>
      <maxWeakCount>3</maxWeakCount>
      <stageThreshold>-8.5754060745239258e-01</stageThreshold>
      <weakClassifiers>
        <_>
          <internalNodes>
            0 -1 19 -545521666 -203692803 -1893003845 -1077964801
            -637854277 -6581957 1057705899 -552612085</internalNodes>
          <leafValues>
            -7.7383804321289062e-01 6.4937674999237061e-01</leafValues></_>
        <_>
          <internalNodes>
            0 -1 0 -1359026433 -70330514 -33373902 -154472806 -278474081
            -18093865 -270533181 -12297</internalNodes>
          <leafValues>
            -7.2374045848846436e-01 6.9300287961959839e-01</leafValues></_>
        <_>
          <internalNodes>
            0 -1 21 -1116163 -2231467 -2322628 -4414598 -318899201
            -1405817035 -4136 -310907010</internalNodes>
          <leafValues>
            -7.7670538425445557e-01 6.5917032957077026e-01</leafValues></_></weakClassifiers></_>
    <!-- stage 8 -->
    <_>
      <maxWeakCount>3</maxWeakCount>
      <stageThreshold>-9.4939142465591431e-01</stageThreshold>
      <weakClassifiers>
        <_>
          <internalNodes>
            0 -1 24 -8847364 -2147843 -10191875 -172043 -1051649 -288261
            -1091638593 -51402062</internalNodes>
          <leafValues>
            -7.7498793601989746e-01 6.4123052358627319e-01</leafValues></_>
        <_>
          <internalNodes>
            0 -1 11 -200970 -201662141 -36794513 -2103545 -354942977
            563806671 -286265345 -202379281</internalNodes>
          <leafValues>
            -7.9609858989715576e-01 6.3498288393020630e-01</leafValues></_>
        <_>
          <internalNodes>
            0 -1 4 -72683022 -206949510 -1612721153 2013212722
            -877660161 -19457 1392092159 -36353</internalNodes>
          <leafValues>
            -7.9452329874038696e-01 6.3858449459075928e-01</leafValues></_></weakClassifiers></_>
    <!-- stage 9 -->
    <_>
      <maxWeakCount>3</maxWeakCount>
      <stageThreshold>-8.3459353446960449e-01</stageThreshold>
      <weakClassifiers>
        <_>
          <internalNodes>
            0 -1 35 -3178683 -6293505 -190843562 -5505233 -17865907
            -5411365 -19928160 -1050875</internalNodes>
          <leafValues>
            -7.4444442987442017e-01 6.6611433029174805e-01</leafValues></_>
        <_>
          <internalNodes>
            0 -1 30 -18874436 -103677953 -844112081 -2098225 -492064595
            815607865 -1427394673 -134220113</internalNodes>
          <leafValues>
            -7.7056002616882324e-01 6.5604919195175171e-01</leafValues></_>
        <_>
          <internalNodes>
            0 -1 9 -22669 2012164979 -36252269 -547130861 -1494309013
            -1358970029 149071667 -957356237</internalNodes>
          <leafValues>
            -7.3014783859252930e-01 7.0693248510360718e-01</leafValues></_></weakClassifiers></_>
    <!-- stage 10 -->
    <_>
      <maxWeakCount>3</maxWeakCount>
      <stageThreshold>-6.0104805231094360e-01</stageThreshold>
      <weakClassifiers>
        <_>
          <internalNodes>
            0 -1 26 -543293533 -1350381670 -2170893 -1077805085
            -169892429 -2047082591 -33958753 -1659897413</internalNodes>
          <leafValues>
            -7.3388200998306274e-01 6.7239212989807129e-01</leafValues></_>
        <_>
          <internalNodes>
            0 -1 8 -1543355865 -4927668 -1113727107 -9197579 -622322309
            -67110153 -786961 -67109397</internalNodes>
          <leafValues>
            -6.8121755123138428e-01 7.1701931953430176e-01</leafValues></_>
        <_>
          <internalNodes>
            0 -1 22 -1 -100665353 -3 -33621762 -67111435 -1192569387
            -67895557 -1576230</internalNodes>
          <leafValues>
            -5.8418536186218262e-01 8.1781595945358276e-01</leafValues></_></weakClassifiers></_>
    <!-- stage 11 -->
    <_>
      <maxWeakCount>4</maxWeakCount>
      <stageThreshold>-3.8112279772758484e-01</stageThreshold>
      <weakClassifiers>
        <_>
          <internalNodes>
            0 -1 18 -201396242 -577637555 -1111631880 -2360325
            -855592961 -118440708 -841089025 -34472705</internalNodes>
          <leafValues>
            -8.1250000000000000e-01 6.0488176345825195e-01</leafValues></_>
        <_>
          <internalNodes>
            0 -1 17 1496627197 1494546783 -184418306 -54771734 221571837
            -553859843 -36081164 -50397195</internalNodes>
          <leafValues>
            -8.0992513895034790e-01 5.9736120700836182e-01</leafValues></_>
        <_>
          <internalNodes>
            0 -1 31 -763895057 -608174081 -76611585 -5513217 -499793201
            -1077936129 -1307381553 -750788613</internalNodes>
          <leafValues>
            -6.8458276987075806e-01 7.2157675027847290e-01</leafValues></_>
        <_>
          <internalNodes>
            0 -1 14 -941633622 37207818 -35138164 1894446526 -812253185
            259912895 -29254 -1558</internalNodes>
          <leafValues>
            -8.8489729166030884e-01 5.1972562074661255e-01</leafValues></_></weakClassifiers></_></stages>
  <features>
    <_>
      <rect>
        0 0 1 8</rect></_>
    <_>
      <rect>
        0 0 8 2</rect></_>
    <_>
      <rect>
        0 5 2 4</rect></_>
    <_>
      <rect>
        0 8 5 3</rect></_>
    <_>
      <rect>
        2 3 4 2</rect></_>
    <_>
      <rect>
        2 21 6 1</rect></_>
    <_>
      <rect>
        3 0 4 3</rect></_>
    <_>
      <rect>
        3 18 6 2</rect></_>
    <_>
      <rect>
        4 0 6 1</rect></_>
    <_>
      <rect>
        5 6 1 3</rect></_>
    <_>
      <rect>
        5 6 3 2</rect></_>
    <_>
      <rect>
        5 8 2 3</rect></_>
    <_>
      <rect>
        5 12 3 2</rect></_>
    <_>
      <rect>
        6 6 3 3</rect></_>
    <_>
      <rect>
        6 8 2 1</rect></_>
    <_>
      <rect>
        6 10 2 3</rect></_>
    <_>
      <rect>
        6 12 4 3</rect></_>
    <_>
      <rect>
        6 21 4 1</rect></_>
    <_>
      <rect>
        7 14 3 2</rect></_>
    <_>
      <rect>
        8 14 3 3</rect></_>
    <_>
      <rect>
        9 7 3 2</rect></_>
    <_>
      <rect>
        9 8 2 2</rect></_>
    <_>
      <rect>
        9 9 2 2</rect></_>
    <_>
      <rect>
        9 10 2 1</rect></_>
    <_>
      <rect>
        9 18 2 2</rect></_>
    <_>
      <rect>
        10 11 3 3</rect></_>
    <_>
      <rect>
        11 18 3 1</rect></_>
    <_>
      <rect>
        12 6 2 3</rect></_>
    <_>
      <rect>
        12 10 2 3</rect></_>
    <_>
      <rect>
        13 2 3 3</rect></_>
    <_>
      <rect>
        13 8 2 3</rect></_>
    <_>
      <rect>
        15 1 2 5</rect></_>
    <_>
      <rect>
        16 2 2 4</rect></_>
    <_>
      <rect>
        16 6 1 3</rect></_>
    <_>
      <rect>
        18 1 2 7</rect></_>
    <_>
      <rect>
        21 6 1 4</rect></_></features></cascade>
</opencv_storage>
